{"cameraMode":{"drawMode":0,"name":"Shaded","section":"Shading Mode"},"sceneLighting":false,"audioPlay":false,"sceneViewState":{"m_AlwaysRefresh":false,"showFog":true,"showSkybox":false,"showFlares":true,"showImageEffects":true,"showParticleSystems":true,"showVisualEffectGraphs":true,"m_FxEnabled":true},"in2DMode":false,"pivot":{"x":-0.000022999942302703857,"y":0.00000900961458683014,"z":-0.0755322128534317},"rotation":{"x":-0.13455615937709809,"y":0.8031285405158997,"z":-0.19808007776737214,"w":-0.545566976070404},"size":0.12200405448675156,"orthographic":false}