{"cameraMode":{"drawMode":0,"name":"Shaded","section":"Shading Mode"},"sceneLighting":false,"audioPlay":false,"sceneViewState":{"m_AlwaysRefresh":false,"showFog":true,"showSkybox":false,"showFlares":true,"showImageEffects":true,"showParticleSystems":true,"showVisualEffectGraphs":true,"m_FxEnabled":true},"in2DMode":false,"pivot":{"x":-0.09617677330970764,"y":-0.34444767236709597,"z":-0.3949335217475891},"rotation":{"x":-0.07274655997753144,"y":0.9164213538169861,"z":-0.3418089747428894,"w":-0.19504626095294953},"size":0.6520487070083618,"orthographic":false}